{
  "tempo": 123.046875,
  "duration_seconds": 211.85891156462586,
  "sample_rate": 22050,
  "beats": [
    1091.3378684807255,
    1602.1768707482993,
    2136.235827664399,
    2670.294784580499,
    3181.1337868480723,
    3691.9727891156463,
    4202.81179138322,
    4690.430839002268,
    5201.269841269841,
    5712.108843537415,
    6176.507936507937,
    6687.34693877551,
    7174.965986394557,
    7662.585034013605,
    8103.764172335602,
    8568.163265306122,
    9055.78231292517,
    9543.401360544218,
    9984.580498866213,
    10448.979591836734,
    10936.598639455782,
    11400.997732426304,
    11865.396825396825,
    12329.795918367347,
    12840.63492063492,
    13328.253968253968,
    13815.873015873016,
    14303.492063492064,
    14860.77097505669,
    15371.609977324264,
    15882.448979591838,
    16393.28798185941,
    16904.126984126986,
    17391.74603174603,
    17879.36507936508,
    18366.984126984127,
    18854.603174603173,
    19342.222222222223,
    19829.841269841272,
    20294.24036281179,
    20758.63945578231,
    21269.478458049885,
    21780.31746031746,
    22267.93650793651,
    22755.555555555555,
    23219.954648526076,
    23684.353741496598,
    24148.752834467123,
    24613.15192743764,
    25100.77097505669,
    25588.390022675736,
    26052.78911564626,
    26540.408163265303,
    27004.80725623583,
    27469.20634920635,
    27933.605442176868,
    28398.004535147393,
    28908.843537414967,
    29396.462585034013,
    29884.081632653062,
    30371.700680272108,
    30859.319727891158,
    31393.378684807256,
    31927.437641723354,
    32461.496598639456,
    32995.555555555555,
    33483.1746031746,
    33970.793650793654,
    34481.63265306123,
    34922.81179138322,
    35410.43083900226,
    35874.82993197279,
    36362.44897959184,
    36850.06802721088,
    37337.687074829926,
    37802.08616780045,
    38289.705215419504,
    38754.10430839002,
    39241.72335600907,
    39729.342403628114,
    40193.74149659864,
    40681.36054421769,
    41168.97959183674,
    41656.59863945578,
    42190.657596371886,
    42608.616780045355,
    43073.01587301587,
    43560.63492063492,
    44048.253968253965,
    44512.65306122449,
    45000.27210884354,
    45487.89115646259,
    45952.29024943311,
    46439.90929705215,
    46927.528344671206,
    47415.14739229025,
    47879.54648526077,
    48367.165532879815,
    48831.56462585034,
    49319.183673469386,
    49806.80272108844,
    50271.20181405896,
    50758.820861678,
    51246.43990929705,
    51734.0589569161,
    52198.45804988662,
    52686.077097505666,
    53150.47619047619,
    53638.09523809524,
    54125.71428571429,
    54613.333333333336,
    55077.73242630385,
    55542.13151927438,
    56029.750566893425,
    56517.36961451248,
    57004.988662131516,
    57469.38775510204,
    57957.00680272109,
    58444.62585034014,
    58932.244897959186,
    59396.643990929704,
    59884.26303854875,
    60348.662131519275,
    60836.28117913833,
    61323.90022675737,
    61788.29931972789,
    62275.91836734694,
    62763.53741496599,
    63227.9365079365,
    63715.555555555555,
    64203.1746031746,
    64690.793650793654,
    65178.4126984127,
    65642.81179138322,
    66130.43083900228,
    66594.82993197278,
    67082.44897959183,
    67546.84807256235,
    68034.4671201814,
    68522.08616780046,
    68986.48526077098,
    69474.10430839003,
    69961.72335600907,
    70426.1224489796,
    70913.74149659864,
    71401.36054421768,
    71865.75963718821,
    72353.37868480725,
    72840.9977324263,
    73328.61678004535,
    73793.01587301587,
    74280.63492063493,
    74768.25396825398,
    75232.6530612245,
    75720.27210884354,
    76207.89115646257,
    76672.2902494331,
    77159.90929705216,
    77647.5283446712,
    78111.92743764173,
    78599.54648526077,
    79063.9455782313,
    79528.3446712018,
    80039.18367346938,
    80526.80272108843,
    80991.20181405895,
    81478.820861678,
    81943.21995464852,
    82430.83900226757,
    82918.45804988663,
    83406.07709750567,
    83870.4761904762,
    84358.09523809524,
    84845.71428571428,
    85333.33333333333,
    85797.73242630385,
    86285.3514739229,
    86749.75056689343,
    87214.14965986395,
    87724.98866213152,
    88212.60770975058,
    88677.0068027211,
    89164.62585034013,
    89652.24489795917,
    90116.6439909297,
    90604.26303854876,
    91068.66213151928,
    91556.28117913833,
    92043.90022675737,
    92531.51927437642,
    93042.358276644,
    93506.75736961451,
    93971.15646258503,
    94435.55555555555,
    94923.1746031746,
    95387.57369614512,
    95875.19274376417,
    96362.81179138322,
    96850.43083900228,
    97314.8299319728,
    97802.44897959183,
    98290.06802721087,
    98754.4671201814,
    99242.08616780046,
    99729.7052154195,
    100194.10430839003,
    100658.50340136055,
    101122.90249433107,
    101633.74149659864,
    102121.36054421769,
    102608.97959183673,
    103073.37868480725,
    103560.9977324263,
    104048.61678004535,
    104513.01587301587,
    105000.63492063493,
    105488.25396825396,
    105952.6530612245,
    106440.27210884355,
    106927.89115646257,
    107392.2902494331,
    107856.68934240362,
    108344.30839002268,
    108831.92743764173,
    109296.32653061225,
    109807.16553287982,
    110294.78458049888,
    110759.1836734694,
    111246.80272108843,
    111711.20181405895,
    112198.820861678,
    112686.43990929706,
    113174.0589569161,
    113638.45804988663,
    114126.07709750567,
    114590.4761904762,
    115078.09523809525,
    115565.71428571428,
    116053.33333333333,
    116517.73242630385,
    117005.3514739229,
    117469.75056689342,
    117957.36961451247,
    118444.98866213152,
    118909.38775510204,
    119397.0068027211,
    119884.62585034015,
    120372.24489795917,
    120836.6439909297,
    121324.26303854876,
    121811.8820861678,
    122276.28117913833,
    122763.90022675737,
    123251.51927437642,
    123739.13832199547,
    124203.53741496599,
    124667.93650793651,
    125178.77551020408,
    125643.1746031746,
    126130.79365079365,
    126618.41269841269,
    127106.03174603175,
    127570.43083900226,
    128034.82993197278,
    128522.44897959185,
    128986.84807256237,
    129474.4671201814,
    129962.08616780046,
    130426.48526077099,
    130914.10430839003,
    131401.72335600905,
    131866.1224489796,
    132353.74149659864,
    132841.3605442177,
    133328.97959183675,
    133793.37868480728,
    134257.77777777778,
    134768.61678004535,
    135233.0158730159,
    135720.6349206349,
    136208.25396825396,
    136672.65306122447,
    137160.27210884355,
    137647.89115646257,
    138181.9501133787,
    138646.3492063492,
    139110.74829931973,
    139575.14739229027,
    140039.54648526077,
    140527.16553287982,
    140991.56462585035,
    141479.18367346938,
    141966.80272108843,
    142431.20181405896,
    142918.820861678,
    143406.43990929707,
    143894.0589569161,
    144358.45804988663,
    144846.07709750565,
    145310.47619047618,
    145798.09523809524,
    146285.7142857143,
    146773.33333333334,
    147237.73242630388,
    147725.3514739229,
    148189.75056689343,
    148677.36961451246,
    149164.9886621315,
    149652.60770975056,
    150117.00680272107,
    150604.62585034015,
    151092.24489795917,
    151579.86394557822,
    152044.26303854876,
    152508.6621315193,
    153019.50113378686,
    153553.56009070296,
    154110.83900226757,
    154668.1179138322,
    155155.73696145124,
    155643.3560090703,
    156130.97505668935,
    156595.37414965988,
    157082.9931972789,
    157570.61224489796,
    158035.01133786846,
    158522.63038548754,
    158987.02947845805,
    159474.6485260771,
    159962.26757369615,
    160449.88662131518,
    160914.2857142857,
    161378.68480725624,
    161889.52380952382,
    162353.92290249432,
    162841.54195011337,
    163329.16099773243,
