{
  "tempo": 125.04393177699367,
  "duration_seconds": 200.494145833,
  "sample_rate": 22050,
  "beats": [
    2803.625,
    3209.354167,
    3699.229167,
    4209.0625,
    4667.0,
    5133.75,
    5601.8333330000005,
    6075.2708330000005,
    6566.8958330000005,
    7082.458333,
    7632.0625,
    8073.3125,
    8548.9375,
    8994.25,
    9436.708333,
    9917.5,
    10383.416667000001,
    10845.166667000001,
    11366.125,
    11831.125,
    12298.395833,
    12754.291667,
    13251.020833,
    13726.1875,
    14261.166667,
    14734.791667,
    15235.166667,
    15727.916667000001,
    16201.020833,
    16693.791666999998,
    17160.708333,
    17643.333333000002,
    18103.479167,
    18584.104167,
    19056.583333,
    19510.979166999998,
    19961.083333000002,
    20484.083333000002,
    20938.666667,
    21441.395833000002,
    21937.083333,
    22489.1875,
    22970.875,
    23398.041667,
    23805.25,
    24346.416667,
    24785.333333000002,
    25268.958333000002,
    25703.916667,
    26200.895833000002,
    26674.8125,
    27166.333333000002,
    27661.25,
    28166.020833000002,
    28647.395833000002,
    29116.0,
    29589.25,
    30081.9375,
    30538.645833,
    31007.5,
    31511.104166999998,
    31975.791666999998,
    32448.979166999998,
    32928.604167000005,
    33386.5625,
    33874.166667,
    34388.5,
    34861.770833,
    35365.208332999995,
    35850.875,
    36346.416667,
    36792.104167,
    37285.0,
    37785.0625,
    38247.041667,
    38720.958333,
    39187.083332999995,
    39667.666667,
    40141.666667000005,
    40622.75,
    41097.416667,
    41584.979167,
    42045.4375,
    42552.375,
    43033.854167,
    43517.083333,
    43993.770833,
    44482.979167000005,
    44907.625,
    45410.645832999995,
    45877.4375,
    46383.125,
    46880.520832999995,
    47358.541667,
    47826.0,
    48311.541667,
    48808.458332999995,
    49290.770833,
    49748.520833,
    50235.104167000005,
    50691.583332999995,
    51192.5,
    51651.395833,
    52148.791667,
    52619.270833,
    53109.895833,
    53597.395833,
    54074.875,
    54555.916667,
    55042.1875,
    55540.208333,
    56003.291667,
    56485.041667,
    56944.041667,
    57425.6875,
    57887.354167,
    58375.0625,
    58815.354167000005,
    59341.041667,
    59806.75,
    60300.020832999995,
    60763.916667,
    61229.25,
    61723.041667,
    62207.0,
    62708.104167000005,
    63184.958332999995,
    63647.375,
    64152.166667000005,
    64608.854167000005,
    65094.645833,
    65586.25,
    66071.625,
    66538.354167,
    67024.66666700001,
    67507.85416700001,
    67996.708333,
    68438.479167,
    68926.66666700001,
    69447.833333,
    69923.75,
    70384.416667,
    70872.625,
    71352.75,
    71869.354167,
    72320.541667,
    72776.708333,
    73242.79166700001,
    73733.666667,
    74175.375,
    74690.020833,
    75153.75,
    75617.020833,
    76111.645833,
    76635.020833,
    77082.229167,
    77566.479167,
    78044.125,
    78542.479167,
    79003.458333,
    79499.375,
    79949.54166700001,
    80417.833333,
    80907.333333,
    81359.291667,
    81861.333333,
    82350.25,
    82856.229167,
    83359.39583299999,
    83799.0625,
    84308.4375,
    84768.5,
    85255.6875,
    85759.145833,
    86230.583333,
    86717.208333,
    87202.875,
    87674.604167,
    88148.604167,
    88621.333333,
    89088.479167,
    89574.395833,
    90077.979167,
    90544.1875,
    91007.729167,
    91493.6875,
    91952.0625,
    92431.3125,
    92916.625,
    93408.541667,
    93891.9375,
    94376.875,
    94888.125,
    95330.54166700001,
    95820.458333,
    96318.666667,
    96766.333333,
    97242.25,
    97754.479167,
    98230.645833,
    98689.29166700001,
    99145.9375,
    99650.8125,
    100141.479167,
    100612.25,
    101113.479167,
    101557.354167,
    102073.29166700001,
    102542.0625,
    103023.708333,
    103523.4375,
    103974.14583299999,
    104445.541667,
    104943.833333,
    105428.166667,
    105889.666667,
    106372.479167,
    106825.3125,
    107265.229167,
    107755.729167,
    108247.8125,
    108696.270833,
    109166.833333,
    109666.166667,
    110173.604167,
    110645.8125,
    111154.5,
    111648.5625,
    112125.4375,
    112618.333333,
    113109.770833,
    113570.645833,
    114089.083333,
    114558.729167,
    115008.520833,
    115501.354167,
    115972.33333299999,
    116436.0625,
    116909.104167,
    117427.75,
    117874.458333,
    118366.416667,
    118827.020833,
    119331.270833,
    119805.875,
    120293.875,
    120793.729167,
    121273.5625,
    121730.25,
    122201.33333299999,
    122698.604167,
    123170.25,
    123641.83333299999,
    124097.583333,
    124594.854167,
    125035.729167,
    125522.3125,
    126003.166667,
    126532.4375,
    127012.833333,
    127484.541667,
    127934.979167,
    128422.583333,
    128907.5,
    129397.93750000001,
    129920.85416699998,
    130392.604167,
    130864.958333,
    131309.395833,
    131807.270833,
    132323.91666699998,
    132790.958333,
    133278.08333300002,
    133743.33333300002,
    134214.645833,
    134674.125,
    135187.833333,
    135629.72916699998,
    136143.02083300002,
    136599.25,
    137060.83333300002,
    137528.25,
    138017.9375,
    138489.83333300002,
    139027.0,
    139509.85416699998,
    139973.458333,
    140459.58333300002,
    140923.770833,
    141401.47916699998,
    141905.66666699998,
    142364.479167,
    142830.04166699998,
    143304.3125,
    143811.70833300002,
    144285.125,
    144760.1875,
    145219.16666699998,
    145683.125,
    146194.16666699998,
    146681.35416699998,
    147162.875,
    147659.5625,
    148118.3125,
    148608.125,
    149073.95833300002,
    149552.72916699998,
    150027.375,
    150540.0625,
    151024.54166699998,
    151446.604167,
    151985.979167,
    152468.5625,
    152922.41666699998,
    153417.6875,
    153915.16666699998,
    154397.3125,
    154890.4375,
    155356.16666699998,
    155829.0,
    156297.4375,
    156733.1875,
    157234.25,
    157741.666667,
    158222.083333,
    158717.8125,
    159221.770833,
    159661.354167,
    160156.375,
    160597.041667,
    161093.354167,
    161549.208333,
    162027.833333,
    162561.35416699998,
    163042.79166699998,
    163491.625,
    163979.791667,
    164424.8125,
    164905.9375,
    165358.520833,
    165815.33333300002,
    166313.3125,
    166774.58333300002,
    167275.27083300002,
    167789.375,
    168246.79166699998,
    168747.75,
    169239.479167,
    169736.104167,
    170222.541667,
    170743.520833,
    171192.6875,
    171699.541667,
    172152.85416699998,
    172642.1875,
    173129.791667,
    173612.354167,
    174055.4375,
    174561.0625,
    175042.604167,
    175520.729167,
    175987.16666699998,
    176486.4375,
    176934.395833,
    177437.3125,
    177898.1875,
    178399.041667,
    178843.104167,
    179341.895833,
    179834.9375,
    180317.1875,
    180818.666667,
    181224.833333,
    181689.104167,
    182215.39583300002,
    182684.45833300002,
    183126.3125,
    183615.645833,
    184109.979167,
    184552.64583300002,
    185045.104167,
    185544.0625,
    186050.04166699998,
    186525.541667,
    187038.08333300002,
    187482.25,
    187994.02083300002,
    188444.625,
    188931.04166699998,
    189419.333333,
    189905.0,
    190363.70833300002,
    190877.27083300002,
    191324.666667,
    191825.29166699998,
    192298.4375,
    192775.02083300002,
    193229.854167,
    193731.72916699998,
    194185.125,
    194654.1875,
    195143.479167,
    195673.645833,
    196166.6875,
    196622.64583300002,
    197107.25,
    197553.5625,
    198043.79166699998,
    198552.583333,
    199047.770833,
    199535.645833,
    200032.04166699998,
    200494.14583300002
  ],